<?xml version="1.0" encoding="UTF-8"?>
<project-private xmlns="http://www.netbeans.org/ns/project-private/1">
    <editor-bookmarks xmlns="http://www.netbeans.org/ns/editor-bookmarks/2" lastBookmarkId="0"/>
    <open-files xmlns="http://www.netbeans.org/ns/projectui-open-files/2">
        <group>
            <file>file:/C:/Users/Ben%20Platt/Desktop/New%20Folder/JavaAssignment2/src/javaassignment2/Course.java</file>
            <file>file:/C:/Users/Ben%20Platt/Desktop/New%20Folder/JavaAssignment2/src/javaassignment2/Student.java</file>
            <file>file:/C:/Users/Ben%20Platt/Desktop/New%20Folder/JavaAssignment2/src/javaassignment2/JavaAssignment2.java</file>
        </group>
    </open-files>
</project-private>
